title,artist,emotion,url
Tum Hi Ho,Arijit Singh,romantic,https://open.spotify.com/embed/track/56zZ48jdyY2oDXHVnwg5Di
Thinking Out Loud,Ed Sheeran,romantic,https://open.spotify.com/embed/track/34gCuhDGsG4bRPIf9bb02f
Perfect,Ed Sheeran,romantic,https://open.spotify.com/embed/track/0tgVpDi06FyKpA1z0VMD4v
Oohalu Gusagusalade,Kamalaja-Kamalini,romantic,https://open.spotify.com/embed/track/6vsPBbLGfeLraBanG4HJaR
Kaise Hua,Vishal Mishra,romantic,https://open.spotify.com/embed/track/1y1rQTkWmrZdJmjwuK07GC
Darshana,Hesham Abdul Wahab,romantic,https://open.spotify.com/embed/track/4BBwON1XG02S4cpYrV10u2
All of Me,John Legend,romantic,https://open.spotify.com/embed/track/3U4isOIWM3VvDubwSI3y7a
Raabta,Arijit Singh,romantic,https://open.spotify.com/embed/track/6FjbAnaPRPwiP3sciEYctO
My Heart Will Go On,Celine Dion,romantic,https://open.spotify.com/embed/track/7F1yVPuJ4xRdrDvf8OL0HF
I Don't Want to Miss a Thing,Aerosmith,romantic,https://open.spotify.com/embed/track/5qlJg0Wbj3sslxfwiaRNpq
Can't Help Falling in Love,Elvis Presley,romantic,https://open.spotify.com/embed/track/44AyOl4qVkzS48vBsbNXaC
Make You Feel My Love,Adele,romantic,https://open.spotify.com/embed/track/273QnyCvJB65rScHJ1nPZb
Your Song,Elton John,romantic,https://open.spotify.com/embed/track/38zsOOcu31XbbYj9BIPUF1
A Thousand Years,Christina Perri,romantic,https://open.spotify.com/embed/track/6lanRgr6wXibZr8KgzXxBl
Unchained Melody,The Righteous Brothers,romantic,https://open.spotify.com/embed/track/2qhASBzpbFhPRtrnZ5lLnz
Tera Ban Jaunga,Akhil Sachdeva,romantic,https://open.spotify.com/embed/track/3oWxFNsXstcancCR1wODR4
Pehla Nasha,Udit Narayan,romantic,https://open.spotify.com/embed/track/6cCSo8zu3bRck519ZqRGfk
Tum Se Hi,Mohit Chauhan,romantic,https://open.spotify.com/embed/track/7eQl3Yqv35ioqUfveKHitE
Janam Janam,Arijit Singh,romantic,https://open.spotify.com/embed/track/4km0RUkMMFdx8iDuq36o2w
Tujh Mein Rab Dikhta Hai,Roop Kumar Rathod,romantic,https://open.spotify.com/embed/track/2LcXJP95e4HKydTZ2mYfrx
Gerua,Arijit Singh,romantic,https://open.spotify.com/embed/track/7iLA6PQeQWRjLDHOJgGpj5
Dil Diyan Gallan,Atif Aslam,romantic,https://open.spotify.com/embed/track/0FBQ4NrrHUbR9kus7rzrOj
Kannana Kanne,Binni Krishnakumar,romantic,https://open.spotify.com/embed/track/68sZLZ4G6U8frxCiVCeaI2
Anbil Avan,Hariharan,romantic,https://open.spotify.com/embed/track/1QuZBM0iHDlr1oRVyeZypC
Enna Solla,Sid Sriram,romantic,https://open.spotify.com/embed/track/2109dBho14Lqh2wr8goqAP
Vinnaithaandi Varuvaayaa,Karthik,romantic,https://open.spotify.com/embed/track/3Ajj1eKaO0fg9YWeAE5vVU
Suttrum Vizhi,S. P. Balasubrahmanyam,romantic,https://open.spotify.com/embed/track/6wdyJnmcSeBXUyR6H5gGKd
Munbe Vaa,Sadhana Sargam & Shankar Mahadevan,romantic,https://open.spotify.com/embed/track/65dvxc4Kctq3JIJ2BkKKMj
Pudhu Metro Rail,Hiphop Tamizha,romantic,https://open.spotify.com/embed/track/1agEYXNhamNXNnsUZVRd9c
Yenga Pona,Hariharan,romantic,https://open.spotify.com/embed/track/5v5g63WRf632vG45fCErpW
Nenjukkul Peidhidum,Harini,romantic,https://open.spotify.com/embed/track/4vlMdXsRpAIXYggwbNHZSv
Poongatrile,S. P. Balasubrahmanyam,romantic,https://open.spotify.com/embed/track/22l0qyOhl50I7bslggljTD
Nuvvu Naaku Nachav,Udit Narayan,romantic,https://open.spotify.com/embed/track/6MvP4vh1rP89CnHRUJxR77
Priyatama,K. S. Chithra,romantic,https://open.spotify.com/embed/track/5TGSDzOrspu8145ZaulEYh


Happy,Pharrell Williams,happy,https://open.spotify.com/embed/track/60nZcImufyMA1MKQY3dcCH
Senorita,Farhan Akhtar,happy,https://open.spotify.com/embed/track/3TAhWtQnpoL5Vl9VQPl9fU
Vaathi Coming,Anirudh Ravichander,happy,https://open.spotify.com/embed/track/2BcPFQ7nrtUObgAs72xaac
Top Lesi Poddi,S. P. Balasubrahmanyam,happy,https://open.spotify.com/embed/track/4Q9bDMQ7Z0nMivKgIWAMfV
Ello Jogappa,Hemanth Kumar,happy,https://open.spotify.com/embed/track/22K7jy9U3UfzrgmmDUyIWO
Chanda Chanda,Sonu Nigam,happy,https://open.spotify.com/embed/track/6m9GjX7GJAitTJHWUWvlpD
Bombe Helutaite,Vasuki Vaibhav,happy,https://open.spotify.com/embed/track/1cOeBH7PmcnA9Ssu0iky3L
Uptown Funk,Mark Ronson ft. Bruno Mars,happy,https://open.spotify.com/embed/track/32OlwWuMpZ6b0aN2RZOeMS
Can't Stop the Feeling,Justin Timberlake,happy,https://open.spotify.com/embed/track/6JV2JOEocMgcZxYSZelKcc
Best Day of My Life,American Authors,happy,https://open.spotify.com/embed/track/5Hroj5K7vLpIG4FNCRIjbP
Walking on Sunshine,Katrina and The Waves,happy,https://open.spotify.com/embed/track/05wIrZSwuaVWhcv5FfqeH0
Shake It Off,Taylor Swift,happy,https://open.spotify.com/embed/track/0cqRj7pUJDkTCEsJkx8snD
Sugar,Maroon 5,happy,https://open.spotify.com/embed/track/5d6Mjuu2uCGRPYpFjGpCX5
Count on Me,Bruno Mars,happy,https://open.spotify.com/embed/track/7l1qvxWjxcKpB9PCtBuTbU
I'm Yours,Jason Mraz,happy,https://open.spotify.com/embed/track/3S0OXQeoh0w6AY8WQVckRW
On Top of the World,Imagine Dragons,happy,https://open.spotify.com/embed/track/213x4gsFDm04hSqIUkg88w
Firework,Katy Perry,happy,https://open.spotify.com/embed/track/3lXbHd0EoryoQh3vpevNEP
Stronger,Kelly Clarkson,happy,https://open.spotify.com/embed/track/1nInOsHbtotAmEOQhtvnzP
Happy Together,The Turtles,happy,https://open.spotify.com/embed/track/1JO1xLtVc8mWhIoE3YaCL0
Beautiful Day,U2,happy,https://open.spotify.com/embed/track/0gzqZ9d1jIKo9psEIthwXe
Gallan Goodiyan,Yashita Sharma,happy,https://open.spotify.com/embed/track/7hNYvX0qAKrxtVr1jGDmvR
Badtameez Dil,Benny Dayal,happy,https://open.spotify.com/embed/track/4eu27jAU2bbnyHUC3G75U8
Dil Dhadakne Do,Priyanka Chopra,happy,https://open.spotify.com/embed/track/5KeTlCr0vFeNZwpc4T0hVN
Desi Girl,Shankar Mahadevan,happy,https://open.spotify.com/embed/track/3Qpk2qHree1RTH5lZaKnEK
London Thumakda,Labh Janjua,happy,https://open.spotify.com/embed/track/2qJAzSE6uC94oH2NRoPrGl
Subha Hone Na De,Mika Singh,happy,https://open.spotify.com/embed/track/6WediUhXDfm8FR3wlM0r3G
Koi Kahe Kehta Rahe,Shaan,happy,https://open.spotify.com/embed/track/5zKRKQwLVBT1WDJE7XJrnm
Ainvayi Ainvayi,Salim Merchant,happy,https://open.spotify.com/embed/track/74AqVxZ3oXwJ8olHssBUG3
Kar Gayi Chull,Badshah,happy,https://open.spotify.com/embed/track/3BhjbaGeI7E0CiIjctfdD3
Why This Kolaveri Di,Dhanush,happy,https://open.spotify.com/embed/track/2VGs7EmaIxq96Wcog6DQOc
Aaluma Doluma,Anirudh Ravichander,happy,https://open.spotify.com/embed/track/1Do2hDE0etMakAEQbyOd4L
Don'u Don'u Don'u,Anirudh Ravichander,happy,https://open.spotify.com/embed/track/2kbxGCtWSV0f1ON720Bd4O
Jimikki Ponnu,Anirudh Ravichander,happy,https://open.spotify.com/embed/track/7fRIo7WyDxXn3r233GCcdL
Machi Open the Bottle,Deva,happy,https://open.spotify.com/embed/track/6YcBBZVKYYRirfeAt6BeGA
Vaadi Pulla Vaadi,Hiphop Tamizha,happy,https://open.spotify.com/embed/track/5dQR15IPbFDhTVwjfZgqR0
Selfie Pulla,Vijay,happy,https://open.spotify.com/embed/track/1VEKVUUoTpa6whq4mmboot
Oh Penne,Anirudh Ravichander,happy,https://open.spotify.com/embed/track/1zAkNzJZVPrWDCnowb1vpZ
Danga Maari Oodhari,Anirudh Ravichander,happy,https://open.spotify.com/embed/track/3PK26tdYPKM3ZxEGVFZx7l
Butta Bomma,Armaan Malik,happy,https://open.spotify.com/embed/track/1XnpHfrEv1ctykNFK9rCcy
Mind Block,Blaaze,happy,https://open.spotify.com/embed/track/15tCasit297c9SsbU3R95d
Dhinka Chika,Mika Singh,happy,https://open.spotify.com/embed/track/2Ggpu9s4UP2fO7bjgBMiss
Rama Loves Sita,Devi Sri Prasad,happy,https://open.spotify.com/embed/track/487HlT1IWVJt3EY8AFPl6I
Darlingey,Ranjith,happy,https://open.spotify.com/embed/track/4z9FuYv6vfL1pmrxqRCh7C
Bale Bale,Anup Rubens,happy,https://open.spotify.com/embed/track/34vnqCIfBYKh5jRBO0uK7a
Babu Bangaram,Mickey J Meyer,happy,https://open.spotify.com/embed/track/5Y4bGLaf3AG3lk1LEDNmio
Swing Zara,Neha Bhasin,happy,https://open.spotify.com/embed/track/1SJOGijQV7cRrfLstfZHzE
Crazy Feeling,Sid Sriram,happy,https://open.spotify.com/embed/track/2b8sOV1NLN0iu6WWE17dVn
Open Hairu,Vijay Prakash,happy,https://open.spotify.com/embed/track/1nwcniLKTjKuVhuBh43uxz
Tagaru Banthu Tagaru,Vijay Prakash,happy,https://open.spotify.com/embed/track/0mtxZjtOzm3mke47VLVoyb
Naguva Nayana,S. P. Balasubrahmanyam,happy,https://open.spotify.com/embed/track/24LASg8afs2Zj2tVU1kmfw
Belageddu,Vijay Prakash,happy,https://open.spotify.com/embed/track/33t67ioue8b1X553DUMulH
Thamnam Thamnam,Hemanth Kumar,happy,https://open.spotify.com/embed/track/5uMZi6LUq9OoPbF7VQAKbT
Hey Diwana,Sonu Nigam,happy,https://open.spotify.com/embed/track/4xTdHQqI4479l4N7Olm0oz
Life Ishtene,Sonu Nigam,happy,https://open.spotify.com/embed/track/6bYKuiqLToMhAxRU6qYXj3
Jimikki Kammal,Vijay Yesudas,happy,https://open.spotify.com/embed/track/14zJH1D1PjJClkEUTAPWjn
Entammede Jimikki Kammal,Vineeth Sreenivasan,happy,https://open.spotify.com/embed/track/14zJH1D1PjJClkEUTAPWjn
Manikyamalaraya Poovi,Vineeth Sreenivasan,happy,https://open.spotify.com/embed/track/1iIT8C60kizBxsWjEuNIMH
Kudukku,Vineeth Sreenivasan,happy,https://open.spotify.com/embed/track/3QRSs8nzHXXvcQjdnx0CsJ
Muthe Ponne,K. S. Chithra,happy,https://open.spotify.com/embed/track/2bwMvyxh6uGRK9n7Da7Cpd
Parayuvaan,Sithara Krishnakumar,happy,https://open.spotify.com/embed/track/4hTcGYU6uXZVCAfIMsxhlC
Aaro Nenjil,K. J. Yesudas,happy,https://open.spotify.com/embed/track/3pV7GR1Diat03TAXGTDaXB
Thallumaala Paattu,Vineeth Sreenivasan,happy,https://open.spotify.com/embed/track/3iH9MTX6mSGgSNlw9Q2T6t
Darshana,Hesham Abdul Wahab,happy,https://open.spotify.com/embed/track/4BBwON1XG02S4cpYrV10u2
Aalolam,K. J. Yesudas,happy,https://open.spotify.com/embed/track/0Q1OsOL69CNo0nI0gWyEbQ
Morni Banke,Guru Randhawa,happy,https://open.spotify.com/embed/track/5x3K3Ld54TtkYKdQvrFOV3
Lover,Diljit Dosanjh,happy,https://open.spotify.com/embed/track/0XwRlvv3KlOu4HWlOH34XG
Laembadgini,Diljit Dosanjh,happy,https://open.spotify.com/embed/track/3JbAc6kG0otlXHso9uDucj
High Rated Gabru,Guru Randhawa,happy,https://open.spotify.com/embed/track/1ozrNv9W4KlprAmvgH0Yrq
Proper Patola,Diljit Dosanjh,happy,https://open.spotify.com/embed/track/39ujbBjTwwqUFySaCYDMMT
Do You Know,Diljit Dosanjh,happy,https://open.spotify.com/embed/track/3kKfPlamJ5CO6j9tA4RdyS
Naah,Harrdy Sandhu,happy,https://open.spotify.com/embed/track/0zRsGGueSQLRkYWs4kPA4V
3 Peg,Sharry Mann,happy,https://open.spotify.com/embed/track/3G8o2zm7LaF6eeVuvLlrkJ
Soch,Harrdy Sandhu,happy,https://open.spotify.com/embed/track/5ACG6R1PbFnP7WHZNVDHAi
Suit Suit,Guru Randhawa,happy,https://open.spotify.com/embed/track/2mwBSO58y92EYmEFpDfmS7
Despacito,Luis Fonsi,happy,https://open.spotify.com/embed/track/6habFhsOp2NvshLv26DqMb
Vivir Mi Vida,Marc Anthony,happy,https://open.spotify.com/embed/track/3QHMxEOAGD51PDlbFPHLyJ
Bailando,Enrique Iglesias,happy,https://open.spotify.com/embed/track/6PSKhwo0mVcOdjUOhVJd5p
Danza Kuduro,Don Omar,happy,https://open.spotify.com/embed/track/6DXLO8LndZMVOHM0wNbpzg
La Bicicleta,Carlos Vives,happy,https://open.spotify.com/embed/track/0Gx4VrHzS7pZOEAGrmXXBH
Subeme La Radio,Enrique Iglesias,happy,https://open.spotify.com/embed/track/0mnAmQX1pciMncT2qFCNmK
La Gozadera,Gente de Zona,happy,https://open.spotify.com/embed/track/0OMRAvrtLWE2TvcXorRiB9
Me Gusta,Shakira,happy,https://open.spotify.com/embed/track/5Xhqh4lwJPtMUTsdBztN1a
Loca,Shakira,happy,https://open.spotify.com/embed/track/42k1KeBehAd83lrGt1okiC
Waka Waka,Shakira,happy,https://open.spotify.com/embed/track/6bNB5gxFX6Q87DbQWb8OWZ
Happy (2),Pharrell Williams,happy,https://open.spotify.com/embed/track/60nZcImufyMA1MKQY3dcCH


Channa Mereya,Arijit Singh,sad,https://open.spotify.com/embed/track/0H2iJVgorRR0ZFgRqGUjUM
Agar Tum Saath Ho,Alka Yagnik & Arijit Singh,sad,https://open.spotify.com/embed/track/6kYoY0PhBelP64UMnhsEZx
Say Something,A Great Big World,sad,https://open.spotify.com/embed/track/5TvE3pk05pyFIGdSY9j4DJ
Jar of Hearts,Christina Perri,sad,https://open.spotify.com/embed/track/0HZhYMZOcUzZKSFwPOti6m
Khairiyat,Arijit Singh,sad,https://open.spotify.com/embed/track/5O932cZmzOZGOGZz9RHx20
The Night We Met,Lord Huron,sad,https://open.spotify.com/embed/track/3hRV0jL3vUpRrcy398teAU
Back to December,Taylor Swift,sad,https://open.spotify.com/embed/track/79uDOz0zuuWS7HWxzMmTa2
Vaseegara,Hariharan,sad,https://open.spotify.com/embed/track/3YRj4jmwois2ctPnhwSwFo
Mungaru Male,Sonu Nigam,sad,https://open.spotify.com/embed/track/7zVuVHlwUGDSNwe9L8hFhO
Anisuthide,Sonu Nigam,sad,https://open.spotify.com/embed/track/2Rts79IsoUBDH2fam6LROy
Vennilave Vennilave (Instrumental),S. P. Balasubrahmanyam,sad,https://open.spotify.com/embed/track/0FeFoN93tz5Wh4fZhAnCt3
My Immortal,Evanescence,sad,https://open.spotify.com/embed/track/4UzVcXufOhGUwF56HT7b8M
When I Was Your Man,Bruno Mars,sad,https://open.spotify.com/embed/track/0nJW01T7XtvILxQgC5J7Wh
Too Good at Goodbyes,Sam Smith,sad,https://open.spotify.com/embed/track/1mXVgsBdtIVeCLJnSnmtdV
Hallelujah,Jeff Buckley,sad,https://open.spotify.com/embed/track/3pRaLNL3b8x5uBOcsgvdqM
Creep (acoustic),Radiohead / Various covers,sad,https://open.spotify.com/embed/track/6JpjIy1M7oxvPJ3uVdUKTe
Hurt,Johnny Cash,sad,https://open.spotify.com/embed/track/28cnXtME493VX9NOw9cIUh
I Will Always Love You,Whitney Houston,sad,https://open.spotify.com/embed/track/4eHbdreAnSOrDDsFfc4Fpm
All I Want,Kodaline,sad,https://open.spotify.com/embed/track/0NlGoUyOJSuSHmngoibVAs
Happier,Ed Sheeran,sad,https://open.spotify.com/embed/track/2RttW7RAu5nOAfq6YFvApB
Skinny Love (Birdy),Birdy,sad,https://open.spotify.com/embed/track/4RL77hMWUq35NYnPLXBpih
The Scientist,Coldplay,sad,https://open.spotify.com/embed/track/75JFxkI2RXiU7L9VXzMkle
Phir Bhi Tumko Chaahunga,Arijit Singh,sad,https://open.spotify.com/embed/track/3oNVqllTnz7bHrY3f0nICg
Tadap Tadap Ke,KK,Sad,https://open.spotify.com/embed/track/6n6hEYHXBzWfdSzBX20ZRw
Bhula Dena,Mustafa Zahid,sad,https://open.spotify.com/embed/track/0WNCYgCd33LnBnw22WFuq8
Hamdard,Arijit Singh,sad,https://open.spotify.com/embed/track/5ZGtdGwdocDZDniXHkmnVA
Kal Ho Naa Ho,Sonu Nigam,sad,https://open.spotify.com/embed/track/251PNRmJU9KcUnFQAB5t6I
Tujhse Naraz Nahi Zindagi,Lata Mangeshkar,sad,https://open.spotify.com/embed/track/4M6QtwT7kFCMqztO4E96kk
Ae Dil Hai Mushkil,Arijit Singh,sad,https://open.spotify.com/embed/track/1UWacd8x8tPPwmrPB1MoBI
Tum Se Hi,Mohit Chauhan,sad,https://open.spotify.com/embed/track/7eQl3Yqv35ioqUfveKHitE
Bolna,Arijit Singh,sad,https://open.spotify.com/embed/track/3GrCQPpKqKzOcKfMAoqn82
Kaise Hua,Vishal Mishra,sad,https://open.spotify.com/embed/track/1y1rQTkWmrZdJmjwuK07GC
Tujhe Kitna Chahne Lage,Arijit Singh,sad,https://open.spotify.com/embed/track/2Fv2injs4qAm8mJBGaxVKU
Chithi Na Koi Sandesh,Jagjit Singh,sad,https://open.spotify.com/embed/track/78iiDXq2EBsTwnnJJWCuLy
Ae Zindagi Gale Laga Le,Mukesh,sad,https://open.spotify.com/embed/track/4TkknEEgy9mpbDtSA9ZrKV
Kun Faya Kun (slow),A.R. Rahman,sad,https://open.spotify.com/embed/track/2TKEXEyZsQxpaDXxUegV4X
Aaj Phir Jeene Ki Tamanna Hai (soft),Lata Mangeshkar,sad,https://open.spotify.com/embed/track/6WNpBSZ91G86aXsrGQlQKu
Pani Da Rang (acoustic),Ayushmann Khurrana,sad,https://open.spotify.com/embed/track/20hnFTVSj6NsWMJJZV7AXf
Inkem Inkem Inkem Kaavaale,Sid Sriram,sad,https://open.spotify.com/embed/track/1S4gynyFIz8IROMfhDIh3V
Samajavaragamana,Sid Sriram,sad,https://open.spotify.com/embed/track/3j9DrRebdWK1jkpOw9FZUy
Priyathama,Yazin Nizar,sad,https://open.spotify.com/embed/track/4wHZiaLsuI9aQdWv4f3Esd
Nuvvostanante Nenoddantana,Various,sad,https://open.spotify.com/embed/track/7y3FOEOFShOO7m6WaYJ895
Yem Sandeham Ledu,S. P. Balasubrahmanyam,sad,https://open.spotify.com/embed/track/0hwdtn40BaV42IK5kB3Rd0
Hey Pillagada,Various,sad,https://open.spotify.com/embed/track/3tXa1LlnOQEOxkx8nWFUiB
Arerey Manasa,K.S. Chithra,sad,https://open.spotify.com/embed/track/61fXT6uwJ2THPkbmxa65OI
Anaganaga Oka Roju,Various,sad,https://open.spotify.com/embed/track/46IF4UqW7rBWJrZAn7o5xC
Em Sandeham Ledu,Various,sad,https://open.spotify.com/embed/track/6vsPBbLGfeLraBanG4HJaR
Kalusukovalani (slow),Devi Sri Prasad / Various,sad,https://open.spotify.com/embed/track/6ENVp9n70OhcQaOw8rsSIU
Vennilave Vennilave,S. P. Balasubrahmanyam,sad,https://open.spotify.com/embed/track/2pJxNV8GPlgQLSlQTLIzoo
Unakkenna Venum Sollu,A.R. Rahman / Various,sad,https://open.spotify.com/embed/track/00bHxCcteaAJhU5WiP1mtf
Munbe Vaa,SPB / Shreya Ghoshal,sad,https://open.spotify.com/embed/track/65dvxc4Kctq3JIJ2BkKKMj
Kanne Kalaimaane,Ilaiyaraaja,sad,https://open.spotify.com/embed/track/0ntm39V1096rAyvxv9gFct
Nenjukkule,Hariharan,sad,https://open.spotify.com/embed/track/7FEWG1bL31YAcnxJQvxJJO
Uyire Uyire,Karthik,sad,https://open.spotify.com/embed/track/2PKjUxmdIhPjKS1wwEVqHp
En Iniya Pon Nilavae,SPB,sad,https://open.spotify.com/embed/track/6cxxLBbTsXIrLo63Tc89jL
Maruvaarthai,Sid Sriram,sad,https://open.spotify.com/embed/track/7dbzO881X6TVJST6EKhnDg
Ennai Vittu,Ilaiyaraaja,sad,https://open.spotify.com/embed/track/4xgnL0rSKVN7FIiCGmWujl
Ninna Snehane,Various,sad,https://open.spotify.com/embed/track/38mByBdnM2ENVmDirPQdNl
Neene Neene,Sonu Nigam,sad,https://open.spotify.com/embed/track/4QKPPKw3gs3Z4RizFu4ZVJ
Nee Kallathoti,Various,sad,https://open.spotify.com/embed/track/2mdEd4hfIKY9l3HrN7MXHx
Nee Nanna Olavina,Various,sad,https://open.spotify.com/embed/track/0TOxxtNJ21c1pJH3aXEbWw
Pavizha Mazha,Vijay Yesudas,sad,https://open.spotify.com/embed/track/3yJ3zrf4cnO11AKcvjV01q
Uyire,K. J. Yesudas,sad,https://open.spotify.com/embed/track/0ZAI04mKAI27JyMy8Ic4YC
Akale Akale,K.S. Chithra,sad,https://open.spotify.com/embed/track/5GWeawCzMEXR3LF3txUeHY
Ente Kannil Ninakkai,Yesudas,sad,https://open.spotify.com/embed/track/3sv34YWhVo15mL7kV6Kaq6
Njanum Ente,Yesudas/Chithra,sad,https://open.spotify.com/embed/track/22kkmbKXuN3oHGQ4Wf4kRf
Puzhuthikkara Puthu,Various,sad,https://open.spotify.com/embed/track/6C6u94AZlturaUaFTmfgFp
Someone Like You (Instrumental),Adele,sad,https://open.spotify.com/embed/track/2bKJr03gJyvBwAy5gW3O09
Fix You (Cover),Coldplay,sad,https://open.spotify.com/embed/track/1WwGJ0G5scapUoyF2VnoqQ
Let Her Go (Reprise),Passenger,sad,https://open.spotify.com/embed/track/79r9lK0tRUYF3hPbtOUnvK
Someone You Loved (Orchestral),Lewis Capaldi,sad,https://open.spotify.com/embed/track/01X5edGGwxuuCd9cG4M9Wv
Skinny Love (Acoustic),Various,sad,https://open.spotify.com/embed/track/3B3eOgLJSqPEA0RfboIQVM
Say Something (Instrumental),A Great Big World,sad,https://open.spotify.com/embed/track/22ZWbQFkuNGKqn3RvNNU9q
Jar of Hearts (Cover),Various,sad,https://open.spotify.com/embed/track/0DI6PWDzvhORUTNreGTI2i
The Night We Met (Reprise),Lord Huron,sad,https://open.spotify.com/embed/track/3hRV0jL3vUpRrcy398teAU
Back to December (Orchestral),Taylor Swift,sad,https://open.spotify.com/embed/track/0FTmksd2dxiE5e3rWyJXs6
My Immortal (Acoustic),Evanescence,sad,https://open.spotify.com/embed/track/2McuypqkVXGHLeLXUWRGvj
When I Was Your Man (Instrumental),Bruno Mars,sad,https://open.spotify.com/embed/track/2Oej38AKkUraslaWEK1ATx
Too Good at Goodbyes (Cover),Sam Smith,sad,https://open.spotify.com/embed/track/1JhuXhMiTBavuRXQTsGOdV
Hallelujah (Reprise),Jeff Buckley,sad,https://open.spotify.com/embed/track/3wLl37RVHLUWxkblfpshim
Creep (acoustic) (Orchestral),Radiohead / Various covers,sad,https://open.spotify.com/embed/track/5NL8PNJ8Uv3Kygb4Vemdfr
Hurt (Acoustic),Johnny Cash,sad,https://open.spotify.com/embed/track/0mOhOmtz6471HRrZHLrQpg
I Will Always Love You (Instrumental),Whitney Houston,sad,https://open.spotify.com/embed/track/2AGRXcyV3vsCEMdvr8MVjO
All I Want (Cover),Kodaline,sad,https://open.spotify.com/embed/track/7xKXfPJSyOCrs3fekgQn6h
Happier (Reprise),Ed Sheeran,sad,https://open.spotify.com/embed/track/6eUc0YZUrhjyfBm4jI79nN
Skinny Love (Birdy) (Orchestral),Various,sad,https://open.spotify.com/embed/track/2mw2KXahFNdNuUEroOiSCi
The Scientist (Acoustic),Coldplay,sad,https://open.spotify.com/embed/track/44ZTZ2Co2FQjSmTdQIGLOB
Tum Hi Ho (Instrumental),Various,sad,https://open.spotify.com/embed/track/3pxjHjzaQceSk8tkDkDiSW
Channa Mereya (Cover),Arijit Singh,sad,https://open.spotify.com/embed/track/7nEOaxbF9pq7HaY9I0i3zl
Agar Tum Saath Ho (Reprise),Alka Yagnik & Arijit Singh,sad,https://open.spotify.com/embed/track/1hQia6rxgfM1ly2hE3StWp
Phir Bhi Tumko Chaahunga (Orchestral),Arijit Singh,sad,https://open.spotify.com/embed/track/0ZnBHVFiUAnVTF38LUVDpR
Tadap Tadap Ke (Acoustic),Various,sad,https://open.spotify.com/embed/track/1PORVV7bYcU2W6j01ZV9RO
Bhula Dena (Instrumental),Mustafa Zahid,sad,https://open.spotify.com/embed/track/3mQXsfwfplN1xPmhhEFWZ7
Hamdard (Cover),Arijit Singh,sad,https://open.spotify.com/embed/track/5ZGtdGwdocDZDniXHkmnVA
Khairiyat (Reprise),Arijit Singh,sad,https://open.spotify.com/embed/track/5O932cZmzOZGOGZz9RHx20
Kal Ho Naa Ho (Orchestral),Various,sad,https://open.spotify.com/embed/track/3hPeattoOvPe1dvpXF5Wxd
Tujhse Naraz Nahi Zindagi (Acoustic),Lata Mangeshkar,sad,https://open.spotify.com/embed/track/2sQnWZ4J84PE55tS0AdRRs
Ae Dil Hai Mushkil (Instrumental),Various,sad,https://open.spotify.com/embed/track/4S4S6ffOMkXhR8pji8P4bM
Tum Se Hi (Cover),Various,sad,https://open.spotify.com/embed/track/0u0ryJSKd2S3bHoWEMrL5S
Bolna (Reprise),Arijit Singh,sad,https://open.spotify.com/embed/track/4LMnefLl0gp4LvMBxPHq5D
Kaise Hua (Orchestral),Various,sad,https://open.spotify.com/embed/track/1y1rQTkWmrZdJmjwuK07GC
Tujhe Kitna Chahne Lage (Acoustic),Arijit Singh,sad,https://open.spotify.com/embed/track/4NpQW6VYN0Lho6eii6RCiC
Chithi Na Koi Sandesh (Instrumental),Jagjit Singh,sad,https://open.spotify.com/embed/track/3bAtgQ0d5EnsosYpjzeVL9
Ae Zindagi Gale Laga Le (Cover),Various,sad,https://open.spotify.com/embed/track/4TkknEEgy9mpbDtSA9ZrKV
Kun Faya Kun (slow) (Reprise),A.R. Rahman,sad,https://open.spotify.com/embed/track/0ZXVqNOgBctbexUuOCvB63
Aaj Phir Jeene Ki Tamanna Hai (soft) (Orchestral),Various,sad,https://open.spotify.com/embed/track/5Ggb9pKiKcr5vNV9v1e1vs
Pani Da Rang (acoustic) (Acoustic),Ayushmann Khurrana,sad,https://open.spotify.com/embed/track/20hnFTVSj6NsWMJJZV7AXf
Inkem Inkem Inkem Kaavaale (Instrumental),Various,sad,https://open.spotify.com/embed/track/1S4gynyFIz8IROMfhDIh3V
Samajavaragamana (Cover),Sid Sriram,sad,https://open.spotify.com/embed/track/3j9DrRebdWK1jkpOw9FZUy
Priyathama (Reprise),Yazin Nizar,sad,https://open.spotify.com/embed/track/1flfRpvHEitNI3V7Y6G4XR
Nuvvostanante Nenoddantana (Orchestral),Various,sad,https://open.spotify.com/embed/track/24wSWZLoKMRZvJVbxHkKMg
Yem Sandeham Ledu (Acoustic),S. P. Balasubrahmanyam,sad,https://open.spotify.com/embed/track/0hwdtn40BaV42IK5kB3Rd0
Hey Pillagada (Instrumental),Various,sad,https://open.spotify.com/embed/track/5lZFkANkX6RHfiXfgdFOHm
Arerey Manasa (Cover),K.S. Chithra,sad,https://open.spotify.com/embed/track/61fXT6uwJ2THPkbmxa65OI
Anaganaga Oka Roju (Reprise),Various,sad,https://open.spotify.com/embed/track/6J8B1TdG3gQAwYA6PtFghI
Em Sandeham Ledu (Orchestral),Various,sad,https://open.spotify.com/embed/track/0hwdtn40BaV42IK5kB3Rd0
Kalusukovalani (slow) (Acoustic),Devi Sri Prasad / Various,sad,https://open.spotify.com/embed/track/2KGx0u9TWWelJ5lux3cZQ6
Unakkenna Venum Sollu (Cover),A.R. Rahman / Various,sad,https://open.spotify.com/embed/track/6A4dYk5yPuDGe2xX3VhP8a
Munbe Vaa (Reprise),SPB / Shreya Ghoshal,sad,https://open.spotify.com/embed/track/5SUPZk8j8cd8K4Hm1pjaJH
Vaseegara (Orchestral),Various,sad,https://open.spotify.com/embed/track/3YRj4jmwois2ctPnhwSwFo
Kanne Kalaimaane (Acoustic),Ilaiyaraaja,sad,https://open.spotify.com/embed/track/1iZN9CKrzLWXdaUpM5wtWv
Nenjukkule (Instrumental),Hariharan,sad,https://open.spotify.com/embed/track/09WDUEVfoTbjiaToI3W7c2
Uyire Uyire (Cover),Karthik,sad,https://open.spotify.com/embed/track/18PmWSz984pKPoyYWVdO0D
En Iniya Pon Nilavae (Reprise),Various,sad,https://open.spotify.com/embed/track/6cxxLBbTsXIrLo63Tc89jL
Maruvaarthai (Orchestral),Sid Sriram,sad,https://open.spotify.com/embed/track/6BLzMdz3Gw8ho9GZMr9GSG
Ennai Vittu (Acoustic),Ilaiyaraaja,sad,https://open.spotify.com/embed/track/1WRJLyElolYJBfvABH0Bcs
Mungaru Male (Instrumental),Various,sad,https://open.spotify.com/embed/track/4qOghDfTksCv8I40vu8LUs
Anisuthide (Cover),Sonu Nigam,sad,https://open.spotify.com/embed/track/00OCIypDZVPdTXg0yR8xHA
Ninna Snehane (Reprise),Various,sad,https://open.spotify.com/embed/track/38mByBdnM2ENVmDirPQdNl
Neene Neene (Orchestral),Sonu Nigam,sad,https://open.spotify.com/embed/track/2H2NEdj6aqyRvIJYGvdp63
Nee Kallathoti (Acoustic),Various,sad,https://open.spotify.com/embed/track/4tZn3HIFLcU6zIXlBuSy4H
Nee Nanna Olavina (Instrumental),Various,sad,https://open.spotify.com/embed/track/1KczIN56FQ0jsVsc3uwbbO
Pavizha Mazha (Cover),Vijay Yesudas,sad,https://open.spotify.com/embed/track/5oc6h6C08X2CC7RfEoygt4
Uyire (Reprise),K. J. Yesudas,sad,https://open.spotify.com/embed/track/4lkyJ0cIHZtwbse8V5SMdZ
Akale Akale (Orchestral),K.S. Chithra,sad,https://open.spotify.com/embed/track/1c85EEUH03cFxvBI1RRRC9
Ente Kannil Ninakkai (Acoustic),Yesudas,sad,https://open.spotify.com/embed/track/3sv34YWhVo15mL7kV6Kaq6
Njanum Ente (Instrumental),Yesudas/Chithra,sad,https://open.spotify.com/embed/track/22kkmbKXuN3oHGQ4Wf4kRf
Puzhuthikkara Puthu (Cover),Various,sad,https://open.spotify.com/embed/track/6C6u94AZlturaUaFTmfgFp
Someone Like You (Reprise),Various,sad,https://open.spotify.com/embed/track/0EmqdbJyUzfXkd7qcDGIt5
Fix You (Orchestral),Coldplay,sad,https://open.spotify.com/embed/track/78xGZ5GYyKkiKMUiwTyQNG
Let Her Go (Acoustic),Passenger,sad,https://open.spotify.com/embed/track/1nHKI4L5pWrN5CUvW07nHP

Stay With Me,Sam Smith,stressed,https://open.spotify.com/embed/track/5Nm9ERjJZ5oyfXZTECKmRt
Someone Like You,Adele,stressed,https://open.spotify.com/embed/track/3bNv3VuUOKgrf5hu3YcuRo
Rivers and Roads,The Head and the Heart,stressed,https://open.spotify.com/embed/track/4X6aeSW2bhlbm7YyEstj6Y
Holocene,Bon Iver,stressed,https://open.spotify.com/embed/track/35KiiILklye1JRRctaLUb4
Budapest,George Ezra,stressed,https://open.spotify.com/embed/track/48gsLPdOUEDjr7P8Wvykne
Lost in Japan,Shawn Mendes,stressed,https://open.spotify.com/embed/track/37oEWjE8iSctsE5EeoBiLI
Electric Feel,MGMT,stressed,https://open.spotify.com/embed/track/3FtYbEfBqAlGO46NUDQSAt
Khairiyat,Arijit Singh,stressed,https://open.spotify.com/embed/track/3oM90C4SZLYzVZJEZD5EQk
Channa Mereya,Arijit Singh,stressed,https://open.spotify.com/embed/track/1plFCZ6QFAjSRutT02GTCn
Safarnama,Lucky Ali,stressed,https://open.spotify.com/embed/track/6w458kA8WOAIZr1ublxnK9
Ilahi,Arijit Singh,stressed,https://open.spotify.com/embed/track/5cgKosPPj5Cs9a2JQufUc1
Phir Le Aya Dil,Rekha Bhardwaj,stressed,https://open.spotify.com/embed/track/2OvldWM8rVnp7QCn9eCrr1
Yun Hi Chala Chal,Udit Narayan,stressed,https://open.spotify.com/embed/track/2Q4PfYBPwVBONmzqrtBHFr
Tera Yaar Hoon Main,Arijit Singh,stressed,https://open.spotify.com/embed/track/4ZTx87kAgEwlPMzoojFZWg
Dil Dhadakne Do,Priyanka Chopra,stressed,https://open.spotify.com/embed/track/5KeTlCr0vFeNZwpc4T0hVN
Agar Tum Saath Ho,Alka Yagnik,stressed,https://open.spotify.com/embed/track/6kYoY0PhBelP64UMnhsEZx
Thuli Thuli,Haricharan,stressed,https://open.spotify.com/embed/track/2uqXfUERVBLa1heEoUTBlO
New York Nagaram,A. R. Rahman,stressed,https://open.spotify.com/embed/track/5s7RgkBdnvZH9LmaXSchnq
Aaruyire,A. R. Rahman,stressed,https://open.spotify.com/embed/track/3ult7X6iW4JyFbvJ9oEJK0
Vinnaithaandi Varuvaayaa,Karthik,stressed,https://open.spotify.com/embed/track/3Ajj1eKaO0fg9YWeAE5vVU
Nenjukkul Peidhidum,Harini,stressed,https://open.spotify.com/embed/track/1vzxYeTJ9dTtyJXkNWVJDZ
Oru Devathai,Hariharan,stressed,https://open.spotify.com/embed/track/232AKI4cEvxMWgcQianKjj
Enna Solla,Sid Sriram,stressed,https://open.spotify.com/embed/track/40a42KKcVcnqT3Wz24INIm
Mannipaaya,Shreya Ghoshal,stressed,https://open.spotify.com/embed/track/7mMkw0JFKnyMS6oGRT6b3O
Thalli Pogathey,Sid Sriram,stressed,https://open.spotify.com/embed/track/6KNTQ1qcrv1yBQrfh0kTvd
Yenai Maatrum Kadhale,Sid Sriram,stressed,https://open.spotify.com/embed/track/4QROxOGtSMviE3NydK7Hpo
Emai Poyave,Sid Sriram,stressed,https://open.spotify.com/embed/track/14M1StehpwsydSGGy8z9eq
Inkem Inkem Inkem Kaavaale,Sid Sriram,stressed,https://open.spotify.com/embed/track/5CWQ9WBbd1HESogIIuTlVI
Vintunnava,S. P. Balasubrahmanyam,stressed,https://open.spotify.com/embed/track/67SwuqIlgYKKRy8OKisce6
Nee Kallalona,Karthik,stressed,https://open.spotify.com/embed/track/6D2LwdOQ5gjoFrpkoO5fvu
Samajavaragamana,Sid Sriram,stressed,https://open.spotify.com/embed/track/3j9DrRebdWK1jkpOw9FZUy
Maguva Maguva,Sid Sriram,stressed,https://open.spotify.com/embed/track/6LFJ5QC9Pa9RAnEzBymFTZ
Manasa,Karthik,stressed,https://open.spotify.com/embed/track/1bXpf25afPBX4dBgiMqkEO
Priyathama Neevachata Kushalama,Karthik,stressed,https://open.spotify.com/embed/track/4wHZiaLsuI9aQdWv4f3Esd
Vellipomaakey,Pradeep Kumar,stressed,https://open.spotify.com/embed/track/00LSCsH99cW8zsr82ibMHM
Choopultho Guchi,Hariharan,stressed,https://open.spotify.com/embed/track/35jMz6tY4zoKpCC3BX8Hu9
Neene Neene,Rajesh Krishnan,stressed,https://open.spotify.com/embed/track/6Xek7nYfRYT3wKRSFIYHXG
Ninna Nodalento,Sonu Nigam,stressed,https://open.spotify.com/embed/track/3KwWht00be3NdOVwypz40G
Madhura Pisumaatige,C. Aswath,stressed,https://open.spotify.com/embed/track/2CgORPzeZvKIASSH5pxn5N
Hrudaya Samudra Kalaki,S. P. Balasubrahmanyam,stressed,https://open.spotify.com/embed/track/5MX6jFxIAdz77uxE8u3wx8
Kanasu,Raghu Dixit,stressed,https://open.spotify.com/embed/track/0DEjmz4JORPSntijlJuqyU
Maleyaagide,Sonu Nigam,stressed,https://open.spotify.com/embed/track/3TRL8BQZYdvq1RZHxSMyRx
Anisuthide,Sonu Nigam,stressed,https://open.spotify.com/embed/track/2Rts79IsoUBDH2fam6LROy
Ninna Snehake,Rajesh Krishnan,stressed,https://open.spotify.com/embed/track/60vywN56JFPcZHNkJmTIVQ
Yaare Neenu,G. V. Prakash,stressed,https://open.spotify.com/embed/track/00VL3u9xzYct0tnHNaWspb
Belageddu,Vijay Prakash,stressed,https://open.spotify.com/embed/track/33t67ioue8b1X553DUMulH
Uyiril Thodum,K. S. Chithra,stressed,https://open.spotify.com/embed/track/6nbLOcHQ1ACZrTsRyAOi1U
Pavizha Mazha,K. J. Yesudas,stressed,https://open.spotify.com/embed/track/3yJ3zrf4cnO11AKcvjV01q
Mazhaye Mazhaye,K. S. Chithra,stressed,https://open.spotify.com/embed/track/4jk5H0R3x6MDCLryHuHUN9
Manathe Chandanakkeeru,M. G. Sreekumar,stressed,https://open.spotify.com/embed/track/5Toj8uGqy5Tyb6nXxPU3RD
Onnam Ragam,K. J. Yesudas,stressed,https://open.spotify.com/embed/track/2c3aWMmbLT3H1vmSaMRxyl
Neelakasham,Vijay Yesudas,stressed,https://open.spotify.com/embed/track/6yJag4NsTO2ZEWAWi1HsBT
Poomuthole,Afsal,stressed,https://open.spotify.com/embed/track/1PkN0O2wBRhrSianWolcyM
Kudamulla,Sanjith Hegde,stressed,https://open.spotify.com/embed/track/2GbsYQkwNsUufkGz5HK4Yz
Malare,Vijay Yesudas,stressed,https://open.spotify.com/embed/track/4Hvf9xIeJWp5p9FkJerQhN
Aalolam,K. J. Yesudas,stressed,https://open.spotify.com/embed/track/0Q1OsOL69CNo0nI0gWyEbQ
Lo-Fi Chill,Chillhop Music,stressed,https://open.spotify.com/embed/track/2bYvqHXI1CPPtFVK2kBxfg
Sleep on the Floor,The Lumineers,stressed,https://open.spotify.com/embed/track/4RvW5ggYKC7bCDX4UUSSDc
Calm,Brian Eno,stressed,https://open.spotify.com/embed/track/4gvrJnKCKIPiacNsWVQwEU
Ambient 1: Music for Airports,Brian Eno,stressed,https://open.spotify.com/embed/track/3bCmDqflFBHijgJfvtqev5
Lofi Study,Dreamy,stressed,https://open.spotify.com/embed/track/1ZSfNnU5FGkQOMdIQCUgJq
Rain Sounds,Nature Sounds,stressed,https://open.spotify.com/embed/track/6lTAQzvmSE71J7Z0XwhvWp
Ocean Waves,Meditation Music,stressed,https://open.spotify.com/embed/track/4mFAPngwuSMTsn6XTFuKiS
Peaceful Piano,Ludovico Einaudi,stressed,https://open.spotify.com/embed/track/7eC6Oa88ayTZHg0srdZrNb
Nuvole Bianche,Ludovico Einaudi,stressed,https://open.spotify.com/embed/track/2lTcudVnztm9oWC4qJla7H
River Flows in You,Yiruma,stressed,https://open.spotify.com/embed/track/2agBDIr9MYDUducQPC1sFU
Weightless (2),Marconi Union,stressed,https://open.spotify.com/embed/track/2UZZtkoLOg7IHxeTAdPFvd
Sunset Lover (2),Petit Biscuit,stressed,https://open.spotify.com/embed/track/7osudygTlBJ1W1HCyc9EIs
Night Owl (2),Galimatias,stressed,https://open.spotify.com/embed/track/5tuhOP6bY3NlwTHghY5MbN
Let Her Go (2),Passenger,stressed,https://open.spotify.com/embed/track/7mmE3jUuQe6lggZEhQ2wnu
Lovely (2),Billie Eilish & Khalid,stressed,https://open.spotify.com/embed/track/7b6Qz0QpRHmNJluQP6sxbu
Ocean Eyes (2),Billie Eilish,stressed,https://open.spotify.com/embed/track/65RB1zKPTgbZugFq6gWaty
Yellow (2),Coldplay,stressed,https://open.spotify.com/embed/track/2HTZb8mhrAp3et4VA1U1mC
Bloom (2),The Paper Kites,stressed,https://open.spotify.com/embed/track/2NjO87HyT80fsgejd3PLYW
Stay With Me (2),Sam Smith,stressed,https://open.spotify.com/embed/track/52nXnn85oRuzfhJVCt5DNp
Someone Like You (2),Adele,stressed,https://open.spotify.com/embed/track/3bNv3VuUOKgrf5hu3YcuRo
Rivers and Roads (2),The Head and the Heart,stressed,https://open.spotify.com/embed/track/61ywTPbytJPL0Cx3mzAdZF
Holocene (2),Bon Iver,stressed,https://open.spotify.com/embed/track/6RDaOjx8Bzo065cBa3l4Tf
Budapest (2),George Ezra,stressed,https://open.spotify.com/embed/track/2pgmVSAfyZn54DeSgLUFoj
Lost in Japan (2),Shawn Mendes,stressed,https://open.spotify.com/embed/track/65czQRfLvqvXUjltB3gkBr
Electric Feel (2),MGMT,stressed,https://open.spotify.com/embed/track/4MDp5YHuuszzm6zo3NFrZL
Khairiyat (2),Arijit Singh,stressed,https://open.spotify.com/embed/track/37ggbGIS7Dv3WSCeKHcuXo
Channa Mereya (2),Arijit Singh,stressed,https://open.spotify.com/embed/track/3WFTMTKHC4f7vSxNynJ3vB
Safarnama (2),Lucky Ali,stressed,https://open.spotify.com/embed/track/2qPFjpRVqR1fzBZBiTrrdK
Kun Faya Kun (2),A. R. Rahman,stressed,https://open.spotify.com/embed/track/1KUklMRV6kiHUmBuZFVVMK
Ilahi (2),Arijit Singh,stressed,https://open.spotify.com/embed/track/4D2DNByWdhjjxg0xHLlAdm
Phir Le Aya Dil (2),Rekha Bhardwaj,stressed,https://open.spotify.com/embed/track/0wpuE6SG1iZJcXd0z4qHcS
Yun Hi Chala Chal (2),Udit Narayan,stressed,https://open.spotify.com/embed/track/23SRX0cigwjtWseHOKOUj9
Tera Yaar Hoon Main (2),Arijit Singh,stressed,https://open.spotify.com/embed/track/68EHo4FtjzXwtFSfxkorKp
Dil Dhadakne Do (2),Priyanka Chopra,stressed,https://open.spotify.com/embed/track/3MzNYNwL7I4dhG4sa1VkK1
Agar Tum Saath Ho (2),Alka Yagnik,stressed,https://open.spotify.com/embed/track/3GP7w4BqQmCkZHqc3cMFAO
Thuli Thuli (2),Haricharan,stressed,https://open.spotify.com/embed/track/6e7DjeouMhk2wHnGhmkMct
New York Nagaram (2),A. R. Rahman,stressed,https://open.spotify.com/embed/track/57xzy7ucfAoPt5EM7qgXDo
Aaruyire (2),A. R. Rahman,stressed,https://open.spotify.com/embed/track/6eWfojFUTNWftp2qQO3dE1
Vinnaithaandi Varuvaayaa (2),Karthik,stressed,https://open.spotify.com/embed/track/0KBiG040KbacqzvF6EJ8Aj
Nenjukkul Peidhidum (2),Harini,stressed,https://open.spotify.com/embed/track/5O9DJV2hQJmju9yftjwQB4
Oru Devathai (2),Hariharan,stressed,https://open.spotify.com/embed/track/1FZDhKAMkBCeacWe1Ds0lp
Enna Solla (2),Sid Sriram,stressed,https://open.spotify.com/embed/track/2R2mKFSG6kditlYLGJIg0j
Mannipaaya (2),Shreya Ghoshal,stressed,https://open.spotify.com/embed/track/53LoSbM41AJdiQI5tV88QX
Thalli Pogathey (2),Sid Sriram,stressed,https://open.spotify.com/embed/track/2ImqPREN0ehC3hXyFP2Gj4
Yenai Maatrum Kadhale (2),Sid Sriram,stressed,https://open.spotify.com/embed/track/1En92dxXZTHrG95PevCuP7
Emai Poyave (2),Sid Sriram,stressed,https://open.spotify.com/embed/track/7ckob4FhPnqzoGNN4zJ9dn
Inkem Inkem Inkem Kaavaale (2),Sid Sriram,stressed,https://open.spotify.com/embed/track/5CWQ9WBbd1HESogIIuTlVI
Vintunnava (2),S. P. Balasubrahmanyam,stressed,https://open.spotify.com/embed/track/13HDGziRKWEeLCVRREymBR
Nee Kallalona (2),Karthik,stressed,https://open.spotify.com/embed/track/5ijbVmNldJ9ruZ284qPqJU
Samajavaragamana (2),Sid Sriram,stressed,https://open.spotify.com/embed/track/2uIJD86SBs5CxxAkQ4QblI
Maguva Maguva (2),Sid Sriram,stressed,https://open.spotify.com/embed/track/0RLC2eIqm0ZXSuRH0iXCWL
Manasa (2),Karthik,stressed,https://open.spotify.com/embed/track/5PwheYdsT3MfRCMwl4sB1J
Priyathama Neevachata Kushalama (2),Karthik,stressed,https://open.spotify.com/embed/track/3ZCKF4NLYLWrUJBw4Lenxg
Vellipomaakey (2),Pradeep Kumar,stressed,https://open.spotify.com/embed/track/6I8FegdCnZT274IiOTybQH
Choopultho Guchi (2),Hariharan,stressed,https://open.spotify.com/embed/track/6Fk6pz09v9SHY072FkYIZZ
Neene Neene (2),Rajesh Krishnan,stressed,https://open.spotify.com/embed/track/3v739ai78q7obWjiZDss2I
Ninna Nodalento (2),Sonu Nigam,stressed,https://open.spotify.com/embed/track/3IK3fgz1oHJ7hkSaiTcUcD
Madhura Pisumaatige (2),C. Aswath,stressed,https://open.spotify.com/embed/track/53eYPl6MPtGwSDB3ufsTKD
Hrudaya Samudra Kalaki (2),S. P. Balasubrahmanyam,stressed,https://open.spotify.com/embed/track/4wdbx9tZUopnfNRWUVBVbt
Kanasu (2),Raghu Dixit,stressed,https://open.spotify.com/embed/track/2UlwL8xlWunKNzDsoM7VSB
Maleyaagide (2),Sonu Nigam,stressed,https://open.spotify.com/embed/track/585GiLzVOyWincizmgXUBr
Anisuthide (2),Sonu Nigam,stressed,https://open.spotify.com/embed/track/4ipcv9eHC6w5xKXxX0Z1Zu
Ninna Snehake (2),Rajesh Krishnan,stressed,https://open.spotify.com/embed/track/3IK3fgz1oHJ7hkSaiTcUcD
Yaare Neenu (2),G. V. Prakash,stressed,https://open.spotify.com/embed/track/3BL9LBusZKAA3SYt0woGtX
Belageddu (2),Vijay Prakash,stressed,https://open.spotify.com/embed/track/33t67ioue8b1X553DUMulH
Uyiril Thodum (2),K. S. Chithra,stressed,https://open.spotify.com/embed/track/0tTgsSkRKJMBq9Bb2bX1mR
Pavizha Mazha (2),K. J. Yesudas,stressed,https://open.spotify.com/embed/track/3UNFsXn4QleDL9wU8Dglm8
Mazhaye Mazhaye (2),K. S. Chithra,stressed,https://open.spotify.com/embed/track/58xV6xHtyei6lyTQcw3Hvl
Manathe Chandanakkeeru (2),M. G. Sreekumar,stressed,https://open.spotify.com/embed/track/5l8p9UTMPge4T6b7sHGuoH
Onnam Ragam (2),K. J. Yesudas,stressed,https://open.spotify.com/embed/track/6oYjrxcgH6pwwUO0eeG7KR
Neelakasham (2),Vijay Yesudas,stressed,https://open.spotify.com/embed/track/2BspvmlHPHBYF3oO6KrO9h
Poomuthole (2),Afsal,stressed,https://open.spotify.com/embed/track/6zdikHQs2PBFgGIZBxqOeV
Kudamulla (2),Sanjith Hegde,stressed,https://open.spotify.com/embed/track/7DLEV0W4tgSGeXsPNuBQsL
Malare (2),Vijay Yesudas,stressed,https://open.spotify.com/embed/track/4Hvf9xIeJWp5p9FkJerQhN
Aalolam (2),K. J. Yesudas,stressed,https://open.spotify.com/embed/track/72muYQk5b5KPnxkhZWoKb7
Lo-Fi Chill (2),Chillhop Music,stressed,https://open.spotify.com/embed/track/2bYvqHXI1CPPtFVK2kBxfg
Sleep on the Floor (2),The Lumineers,stressed,https://open.spotify.com/embed/track/6S2V9PNl4kDJXCXQ1UpG17
Calm (2),Brian Eno,stressed,https://open.spotify.com/embed/track/6UZl93PVAXH0cRGKGtLKt8
Ambient 1: Music for Airports (2),Brian Eno,stressed,https://open.spotify.com/embed/track/3bCmDqflFBHijgJfvtqev5
Lofi Study (2),Dreamy,stressed,https://open.spotify.com/embed/track/3lWL8dOfzKT1xMiR4QarNZ
Rain Sounds (2),Nature Sounds,stressed,https://open.spotify.com/embed/track/1ZXisWWfmnqDaoTKnPCwWx
Ocean Waves (2),Meditation Music,stressed,https://open.spotify.com/embed/track/2kUkNaS40Ldjm5dDDXBniU
Peaceful Piano (2),Ludovico Einaudi,stressed,https://open.spotify.com/embed/track/7xfSCgVOkQJhVxnqzepATH
Nuvole Bianche (2),Ludovico Einaudi,stressed,https://open.spotify.com/embed/track/2aqhXN3IEdTOoNP9wWCPsQ
River Flows in You (2),Yiruma,stressed,https://open.spotify.com/embed/track/0i4qaUFbvvwQ4yFPrBeJ55
Weightless (3),Marconi Union,stressed,https://open.spotify.com/embed/track/70FfytITXJOz0s2xY3rOzz
Sunset Lover (3),Petit Biscuit,stressed,https://open.spotify.com/embed/track/7KwvfRL73DGOWsVf5MANU7
Night Owl (3),Galimatias,stressed,https://open.spotify.com/embed/track/0o3HJmXnQPRX4jymsmk3sS
Let Her Go (3),Passenger,stressed,https://open.spotify.com/embed/track/2pUpNOgJBIBCcjyQZQ00qU
Lovely (3),Billie Eilish & Khalid,stressed,https://open.spotify.com/embed/track/0u2P5u6lvoDfwTYjAADbn4
Ocean Eyes (3),Billie Eilish,stressed,https://open.spotify.com/embed/track/1GS5rOUA1VpwKwuwVElPzx
Yellow (3),Coldplay,stressed,https://open.spotify.com/embed/track/2jutoVBjMk0nXIBev26oHm
Bloom (3),The Paper Kites,stressed,https://open.spotify.com/embed/track/6XvFRg5RSjy30HjrD7xqbN
Stay With Me (3),Sam Smith,stressed,https://open.spotify.com/embed/track/25THzCKzB50yyLfMhaLZ8G
Someone Like You (3),Adele,stressed,https://open.spotify.com/embed/track/4tc9rIC30dnNYdIg0dTZ2n
Rivers and Roads (3),The Head and the Heart,stressed,https://open.spotify.com/embed/track/5HqZN5EQP9ssw01HgAKxM6
Holocene (3),Bon Iver,stressed,https://open.spotify.com/embed/track/35KiiILklye1JRRctaLUb4
Budapest (3),George Ezra,stressed,https://open.spotify.com/embed/track/2ixsaeFioXJmMgkkbd4uj1
Lost in Japan (3),Shawn Mendes,stressed,https://open.spotify.com/embed/track/145wBbokDZTFZLFHOtZrzG
Electric Feel (3),MGMT,stressed,https://open.spotify.com/embed/track/3nnStd7PMGgrN0tfmdhv3j
Khairiyat (3),Arijit Singh,stressed,https://open.spotify.com/embed/track/3oM90C4SZLYzVZJEZD5EQk
Channa Mereya (3),Arijit Singh,stressed,https://open.spotify.com/embed/track/4zKUbaPleWBF1tKyfCtLHw
Safarnama (3),Lucky Ali,stressed,https://open.spotify.com/embed/track/4HDUJcDt9VHM2cjrUkXOgJ
Kun Faya Kun (3),A. R. Rahman,stressed,https://open.spotify.com/embed/track/2TKEXEyZsQxpaDXxUegV4X
Ilahi (3),Arijit Singh,stressed,https://open.spotify.com/embed/track/3EQXi4ya9o7Rjvz6GJ7W7W
Phir Le Aya Dil (3),Rekha Bhardwaj,stressed,https://open.spotify.com/embed/track/7fpWJr5shT90KiCHXKHxch
Yun Hi Chala Chal (3),Udit Narayan,stressed,https://open.spotify.com/embed/track/5TnLXSd4h6G06Fbt2ApOpa
Tera Yaar Hoon Main (3),Arijit Singh,stressed,https://open.spotify.com/embed/track/1eXpXvZ23VCasjhTFCSmuD
Dil Dhadakne Do (3),Priyanka Chopra,stressed,https://open.spotify.com/embed/track/39GcR1iJpR2RX629O0zuW5
Agar Tum Saath Ho (3),Alka Yagnik,stressed,https://open.spotify.com/embed/track/3dSHATwcKU8FTKaVUPD96f
Thuli Thuli (3),Haricharan,stressed,https://open.spotify.com/embed/track/7fUS9gftrrgtaHJUwFnbEt
New York Nagaram (3),A. R. Rahman,stressed,https://open.spotify.com/embed/track/31vPQaNXFLDUkvXSBKpmAo
Aaruyire (3),A. R. Rahman,stressed,https://open.spotify.com/embed/track/3RVKJOoIVKXicFvNO7b2iK